{
  "id": "5102990",
  "name": "blog-vue3-front",
  "font_family": "iconfont",
  "css_prefix_text": "icon-",
  "description": "",
  "glyphs": [
    {
      "icon_id": "4767059",
      "name": "menu",
      "font_class": "menu",
      "unicode": "e7f4",
      "unicode_decimal": 59380
    },
    {
      "icon_id": "777843",
      "name": "赞",
      "font_class": "icon",
      "unicode": "e652",
      "unicode_decimal": 58962
    },
    {
      "icon_id": "39625779",
      "name": "后台管理",
      "font_class": "houtaiguanli",
      "unicode": "e698",
      "unicode_decimal": 59032
    },
    {
      "icon_id": "24161336",
      "name": "后台管理-后台管理",
      "font_class": "houtaiguanli-houtaiguanli",
      "unicode": "e636",
      "unicode_decimal": 58934
    },
    {
      "icon_id": "1727383",
      "name": "35新闻、资讯-线性",
      "font_class": "xinwenzixun-xianxing",
      "unicode": "e8a7",
      "unicode_decimal": 59559
    },
    {
      "icon_id": "1727541",
      "name": "308上一页、后退、返回",
      "font_class": "shangyiyehoutuifanhui",
      "unicode": "e8ef",
      "unicode_decimal": 59631
    },
    {
      "icon_id": "1727542",
      "name": "309下一页、前进、查看更多",
      "font_class": "xiayiyeqianjinchakangengduo",
      "unicode": "e8f1",
      "unicode_decimal": 59633
    },
    {
      "icon_id": "2076196",
      "name": "赞",
      "font_class": "zan",
      "unicode": "e870",
      "unicode_decimal": 59504
    },
    {
      "icon_id": "2076215",
      "name": "音量",
      "font_class": "yinliang",
      "unicode": "e87a",
      "unicode_decimal": 59514
    },
    {
      "icon_id": "2154283",
      "name": "单曲循环_32",
      "font_class": "danquxunhuan",
      "unicode": "e66d",
      "unicode_decimal": 58989
    },
    {
      "icon_id": "2451688",
      "name": "交流页",
      "font_class": "jiaoliuye",
      "unicode": "e659",
      "unicode_decimal": 58969
    },
    {
      "icon_id": "2529630",
      "name": "最新new",
      "font_class": "new",
      "unicode": "e603",
      "unicode_decimal": 58883
    },
    {
      "icon_id": "2529680",
      "name": "向上、到顶部",
      "font_class": "arrowup",
      "unicode": "e607",
      "unicode_decimal": 58887
    },
    {
      "icon_id": "2529700",
      "name": "向下、到底部",
      "font_class": "arrowdown",
      "unicode": "e608",
      "unicode_decimal": 58888
    },
    {
      "icon_id": "2529707",
      "name": "文档、文章、document",
      "font_class": "paper",
      "unicode": "e60a",
      "unicode_decimal": 58890
    },
    {
      "icon_id": "2529712",
      "name": "目录、列表、更多、list",
      "font_class": "sort",
      "unicode": "e60e",
      "unicode_decimal": 58894
    },
    {
      "icon_id": "2529732",
      "name": "查看、eye",
      "font_class": "chakan",
      "unicode": "e613",
      "unicode_decimal": 58899
    },
    {
      "icon_id": "2529739",
      "name": "个人中心、人形",
      "font_class": "timerauto",
      "unicode": "e617",
      "unicode_decimal": 58903
    },
    {
      "icon_id": "2529741",
      "name": "评论、聊天",
      "font_class": "speechbubble",
      "unicode": "e61a",
      "unicode_decimal": 58906
    },
    {
      "icon_id": "2529752",
      "name": "随机排序",
      "font_class": "repeat",
      "unicode": "e61f",
      "unicode_decimal": 58911
    },
    {
      "icon_id": "2529754",
      "name": "文件夹、目录、分类",
      "font_class": "folder",
      "unicode": "e620",
      "unicode_decimal": 58912
    },
    {
      "icon_id": "2569869",
      "name": "登录",
      "font_class": "denglu",
      "unicode": "e67c",
      "unicode_decimal": 59004
    },
    {
      "icon_id": "2674483",
      "name": "暂停",
      "font_class": "zanting",
      "unicode": "e629",
      "unicode_decimal": 58921
    },
    {
      "icon_id": "2760887",
      "name": "主页、首页、home",
      "font_class": "home",
      "unicode": "e621",
      "unicode_decimal": 58913
    },
    {
      "icon_id": "2911445",
      "name": "置顶推荐top",
      "font_class": "zhidingtuijiantop",
      "unicode": "e67e",
      "unicode_decimal": 59006
    },
    {
      "icon_id": "4320335",
      "name": "登录",
      "font_class": "denglu1",
      "unicode": "e653",
      "unicode_decimal": 58963
    },
    {
      "icon_id": "4936984",
      "name": "QQ",
      "font_class": "QQ",
      "unicode": "e882",
      "unicode_decimal": 59522
    },
    {
      "icon_id": "4937000",
      "name": "github-fill",
      "font_class": "github-fill",
      "unicode": "e885",
      "unicode_decimal": 59525
    },
    {
      "icon_id": "5387616",
      "name": "置顶",
      "font_class": "zhiding",
      "unicode": "eb16",
      "unicode_decimal": 60182
    },
    {
      "icon_id": "7447819",
      "name": "Web前端工程师_1",
      "font_class": "Webqianduangongchengshi_",
      "unicode": "e622",
      "unicode_decimal": 58914
    },
    {
      "icon_id": "7594056",
      "name": "24gl-playlistHeart",
      "font_class": "24gl-playlistHeart",
      "unicode": "ea6f",
      "unicode_decimal": 60015
    },
    {
      "icon_id": "7594081",
      "name": "24gl-shuffle",
      "font_class": "24gl-shuffle",
      "unicode": "ea75",
      "unicode_decimal": 60021
    },
    {
      "icon_id": "7596925",
      "name": "24gl-calendar",
      "font_class": "24gl-calendar",
      "unicode": "eb3f",
      "unicode_decimal": 60223
    },
    {
      "icon_id": "8213647",
      "name": "航天-火箭云",
      "font_class": "hangtiantubiao-",
      "unicode": "e604",
      "unicode_decimal": 58884
    },
    {
      "icon_id": "8224825",
      "name": "返回顶部、置顶",
      "font_class": "fanhuidingbuzhiding",
      "unicode": "e605",
      "unicode_decimal": 58885
    },
    {
      "icon_id": "8288837",
      "name": "放大镜",
      "font_class": "fangdajing",
      "unicode": "e848",
      "unicode_decimal": 59464
    },
    {
      "icon_id": "8440992",
      "name": "添加到",
      "font_class": "tianjiadao",
      "unicode": "e704",
      "unicode_decimal": 59140
    },
    {
      "icon_id": "9189112",
      "name": "后端开发",
      "font_class": "houduankaifa",
      "unicode": "e62a",
      "unicode_decimal": 58922
    },
    {
      "icon_id": "10305614",
      "name": "热门hot",
      "font_class": "remenhot",
      "unicode": "e60b",
      "unicode_decimal": 58891
    },
    {
      "icon_id": "10353589",
      "name": "返回",
      "font_class": "fanhui",
      "unicode": "e60c",
      "unicode_decimal": 58892
    },
    {
      "icon_id": "11372687",
      "name": "评论",
      "font_class": "pinglun",
      "unicode": "e8b4",
      "unicode_decimal": 59572
    },
    {
      "icon_id": "12525676",
      "name": "view_off",
      "font_class": "view_off",
      "unicode": "e60d",
      "unicode_decimal": 58893
    },
    {
      "icon_id": "17821744",
      "name": "目录、导航",
      "font_class": "muludaohang",
      "unicode": "e889",
      "unicode_decimal": 59529
    },
    {
      "icon_id": "20039560",
      "name": "链接link",
      "font_class": "lianjielink",
      "unicode": "e7b8",
      "unicode_decimal": 59320
    },
    {
      "icon_id": "20186133",
      "name": "分享share",
      "font_class": "fenxiangshare",
      "unicode": "e7c0",
      "unicode_decimal": 59328
    },
    {
      "icon_id": "20186160",
      "name": "关闭close2",
      "font_class": "guanbiclose2",
      "unicode": "e7c3",
      "unicode_decimal": 59331
    },
    {
      "icon_id": "20186182",
      "name": "热门hot",
      "font_class": "remenhot1",
      "unicode": "e7c7",
      "unicode_decimal": 59335
    },
    {
      "icon_id": "20186186",
      "name": "时间time",
      "font_class": "shijiantime",
      "unicode": "e7ca",
      "unicode_decimal": 59338
    },
    {
      "icon_id": "20312916",
      "name": "播放中",
      "font_class": "bofangzhong",
      "unicode": "e62b",
      "unicode_decimal": 58923
    },
    {
      "icon_id": "26182298",
      "name": "公告",
      "font_class": "gonggao",
      "unicode": "e614",
      "unicode_decimal": 58900
    },
    {
      "icon_id": "26436367",
      "name": "消息",
      "font_class": "xiaoxi",
      "unicode": "e67d",
      "unicode_decimal": 59005
    },
    {
      "icon_id": "33385412",
      "name": "编辑_editor",
      "font_class": "bianji_editor",
      "unicode": "e61b",
      "unicode_decimal": 58907
    },
    {
      "icon_id": "33711685",
      "name": "播放队列",
      "font_class": "bofangduilie",
      "unicode": "e60f",
      "unicode_decimal": 58895
    },
    {
      "icon_id": "33711692",
      "name": "历史播放",
      "font_class": "lishibofang",
      "unicode": "e610",
      "unicode_decimal": 58896
    },
    {
      "icon_id": "34453076",
      "name": "view",
      "font_class": "view",
      "unicode": "e847",
      "unicode_decimal": 59463
    },
    {
      "icon_id": "39248992",
      "name": "bilibili-line",
      "font_class": "bilibili-line",
      "unicode": "ea96",
      "unicode_decimal": 60054
    },
    {
      "icon_id": "42534302",
      "name": "gitee2",
      "font_class": "gitee2",
      "unicode": "e611",
      "unicode_decimal": 58897
    },
    {
      "icon_id": "68235",
      "name": "分类",
      "font_class": "fenlei",
      "unicode": "e600",
      "unicode_decimal": 58880
    },
    {
      "icon_id": "77151",
      "name": "朋友圈",
      "font_class": "pengyouquan",
      "unicode": "e601",
      "unicode_decimal": 58881
    },
    {
      "icon_id": "77156",
      "name": "微信",
      "font_class": "weixin",
      "unicode": "e602",
      "unicode_decimal": 58882
    },
    {
      "icon_id": "286506",
      "name": "导航-更多",
      "font_class": "daohanggengduo",
      "unicode": "e615",
      "unicode_decimal": 58901
    },
    {
      "icon_id": "444570",
      "name": "上一个，上一曲",
      "font_class": "shangyigeshangyiqu",
      "unicode": "e670",
      "unicode_decimal": 58992
    },
    {
      "icon_id": "444574",
      "name": "下一个，下一曲",
      "font_class": "xiayigexiayiqu",
      "unicode": "e674",
      "unicode_decimal": 58996
    },
    {
      "icon_id": "577348",
      "name": "留言",
      "font_class": "liuyan",
      "unicode": "e744",
      "unicode_decimal": 59204
    },
    {
      "icon_id": "627566",
      "name": "二维码",
      "font_class": "erweima",
      "unicode": "e642",
      "unicode_decimal": 58946
    },
    {
      "icon_id": "756182",
      "name": "标签_label23",
      "font_class": "biaoqianlabel23",
      "unicode": "e618",
      "unicode_decimal": 58904
    },
    {
      "icon_id": "791861",
      "name": "搜索",
      "font_class": "ai-search",
      "unicode": "e63d",
      "unicode_decimal": 58941
    },
    {
      "icon_id": "1000792",
      "name": "balance",
      "font_class": "balance",
      "unicode": "e606",
      "unicode_decimal": 58886
    },
    {
      "icon_id": "1220535",
      "name": "打印机_printer78",
      "font_class": "dayinjiprinter78",
      "unicode": "e62c",
      "unicode_decimal": 58924
    },
    {
      "icon_id": "1368604",
      "name": "photo-camera",
      "font_class": "photo-camera",
      "unicode": "e612",
      "unicode_decimal": 58898
    },
    {
      "icon_id": "1376055",
      "name": "退出登录",
      "font_class": "tuichudenglu",
      "unicode": "e61d",
      "unicode_decimal": 58909
    },
    {
      "icon_id": "1440640",
      "name": "个人中心",
      "font_class": "gerenzhongxin",
      "unicode": "e651",
      "unicode_decimal": 58961
    },
    {
      "icon_id": "1488899",
      "name": "列表循环",
      "font_class": "liebiaoxunhuan",
      "unicode": "e609",
      "unicode_decimal": 58889
    },
    {
      "icon_id": "1629898",
      "name": "标签",
      "font_class": "icon-test",
      "unicode": "e619",
      "unicode_decimal": 58905
    }
  ]
}
